uid;time;speed_upload;speed_download;bytes_download;bytes_upload
1;2020-03-10 23:05:17.610551+01;29505;189625;165923057;25904816
2;2020-03-11 21:53:27.03585+01;9160;21404;18732141;7871921
3;2020-03-28 11:41:53.606259+01;;;;
4;2020-03-28 11:45:58.742469+01;24840;34128;30079946;22020255
5;2020-03-28 11:48:17.564752+01;16817;30993;27129857;14898496
6;2020-03-29 09:27:05.33431+02;15580;31745;27780302;13787874
7;2020-03-29 09:28:57.419762+02;15692;25057;21925233;13717948
8;2020-03-29 09:34:02.611603+02;12375;34559;30245045;11426772
9;2020-03-29 09:38:50.518459+02;11868;38863;34008270;11008777
10;2020-03-29 10:38:52.950959+02;11610;26981;23617352;10474423
11;2020-03-29 11:38:58.812445+02;6906;37729;33012679;6094403
12;2020-03-29 12:39:01.884126+02;11481;37085;32457161;10552114
13;2020-03-29 13:39:02.467838+02;19936;38324;34109119;17681294
14;2020-03-29 14:39:04.017253+02;11613;39080;34196772;10280970
15;2020-03-29 15:39:12.950651+02;15996;37166;32523461;14514362
16;2020-03-29 16:39:26.491618+02;13747;40692;35614750;12177657
17;2020-03-29 17:39:30.207385+02;11374;39435;34526209;10302872
18;2020-03-29 18:39:33.604093+02;6676;37721;33014190;5445746
19;2020-03-29 19:39:34.179694+02;11729;35349;30936167;10481112
20;2020-03-29 20:39:42.753089+02;18677;23388;20797570;16417645
21;2020-03-29 21:39:45.770506+02;14016;17960;16592367;12750037
22;2020-03-29 22:39:49.253001+02;15140;40007;35006655;13469559
23;2020-03-29 23:39:48.578108+02;17746;33377;29211961;15809452
24;2020-03-30 00:39:53.079836+02;13877;39410;34484534;12277336
25;2020-03-30 01:39:53.574755+02;17438;40085;35077768;16060701
26;2020-03-30 02:39:53.747119+02;25215;39329;34419871;22325740
27;2020-03-30 03:39:53.442004+02;28752;38740;33900263;3612150
28;2020-03-30 04:39:57.651927+02;24245;38238;33532747;21437632
29;2020-03-30 05:40:03.367598+02;15976;40322;35285843;14878674
30;2020-03-30 06:40:02.515904+02;16485;40123;35113429;15058298
31;2020-03-30 07:40:02.804934+02;17196;37354;32694159;15158379
32;2020-03-30 08:40:03.809891+02;8456;39161;34265841;7161249
33;2020-03-30 09:40:04.628905+02;20961;37494;32807534;18168696
34;2020-03-30 10:40:10.813685+02;17448;40073;35067775;14624503
35;2020-03-30 11:40:17.785656+02;16081;23806;22019546;14429710
36;2020-03-30 12:40:22.412268+02;14145;32582;28514307;12862373
37;2020-03-30 13:40:22.278894+02;16292;34203;29931241;14299390
38;2020-03-30 14:40:29.546182+02;12772;37506;32902464;10920557
39;2020-03-30 15:40:28.959751+02;13965;33846;29619026;12379831
40;2020-03-30 16:40:37.78789+02;10404;34889;30540201;9130741
41;2020-03-30 17:41:09.547584+02;;;;
42;2020-03-30 18:40:42.383624+02;15152;37571;32877953;14308425
43;2020-03-30 19:40:45.249395+02;19317;30649;26820879;17015102
44;2020-03-30 20:40:52.939249+02;9010;27147;23756202;8269897
45;2020-03-30 21:41:03.178627+02;18332;30751;26942558;16699303
46;2020-03-30 22:41:07.715501+02;15610;34410;30108776;13656647
47;2020-03-30 23:41:12.640184+02;11606;37714;33004454;11078204
48;2020-03-31 00:41:21.494872+02;13380;35280;30869907;11926943
49;2020-03-31 01:41:24.633418+02;18139;35158;30768915;16288362
50;2020-03-31 02:41:31.335533+02;10425;36586;32021274;9839231
51;2020-03-31 03:41:39.276676+02;11223;32323;28282793;9847877
52;2020-03-31 04:41:42.738883+02;16239;40410;35359603;14850141
53;2020-03-31 05:41:43.63892+02;12472;33946;29721855;11024242
54;2020-03-31 06:41:50.934997+02;17559;40878;35768610;15475827
55;2020-03-31 07:41:57.401295+02;13784;32948;28832252;12337129
56;2020-03-31 08:41:59.311837+02;9750;32622;28548900;8648155
57;2020-03-31 09:42:01.875877+02;13775;31765;28388011;12216078
58;2020-03-31 10:42:05.413642+02;17208;33950;29707691;14484044
59;2020-03-31 11:42:03.280053+02;19505;34043;29792954;17335163
60;2020-03-31 12:42:05.736359+02;12125;27274;23866279;10874881
61;2020-03-31 13:42:13.868195+02;1641;1518;1331575;1478243
62;2020-03-31 14:42:13.874084+02;12076;34973;30606901;10775864
63;2020-03-31 15:42:16.009849+02;16003;33709;29506074;14423651
64;2020-03-31 16:42:24.110051+02;14465;27897;24410141;12788622
65;2020-03-31 17:42:24.195533+02;11484;24388;21478290;10708307
66;2020-03-31 18:42:27.560352+02;12839;30760;26917359;11392623
67;2020-03-31 19:42:34.463906+02;13111;32868;28761008;11973686
68;2020-03-31 20:42:38.386038+02;9140;27430;24218537;8002427
69;2020-03-31 21:42:42.717463+02;17312;33802;29578304;15334008
70;2020-03-31 22:42:50.467203+02;16243;33230;29081032;14403492
71;2020-03-31 23:42:52.511511+02;25993;35656;31200104;4609029
72;2020-04-01 00:43:00.605046+02;19130;33771;29550082;15756957
73;2020-04-01 01:43:00.316729+02;15182;35240;30837193;14107470
74;2020-04-01 02:43:04.222773+02;19617;35765;31294766;15458109
75;2020-04-01 03:43:04.557292+02;11601;33572;29430588;10522269
76;2020-04-01 04:43:03.978516+02;16554;34541;30226892;14541997
77;2020-04-01 05:43:04.627927+02;16151;36056;31553872;14759545
78;2020-04-01 06:43:12.905355+02;14261;39783;34814591;12617330
79;2020-04-01 07:43:17.934361+02;13389;38372;33577246;11734820
80;2020-04-01 08:43:18.649972+02;26478;39607;34704086;23436665
81;2020-04-01 09:43:24.004432+02;17237;32030;28666363;14709903
82;2020-04-01 10:43:24.403023+02;13689;30841;26988371;10740103
83;2020-04-01 11:43:27.087999+02;28307;32737;28654299;2718730
84;2020-04-01 12:43:32.647875+02;12020;35674;31215063;10633295
85;2020-04-01 13:43:33.216698+02;15370;29860;26130199;13543446
86;2020-04-01 14:43:33.357194+02;14064;31608;27660931;12394568
87;2020-04-01 15:43:36.275412+02;12569;30609;26785223;11179759
88;2020-04-01 16:43:42.907887+02;16537;28865;25261463;14603360
89;2020-04-01 17:43:49.964864+02;10300;35876;31396900;9358347
90;2020-04-01 18:44:00.658132+02;20253;28639;25061288;19277473
91;2020-04-01 19:44:02.714813+02;14981;28488;24929975;13264745
92;2020-04-01 20:44:04.163979+02;24537;32789;29481287;21538253
93;2020-04-01 21:44:05.277518+02;14036;31271;27366104;12064998
94;2020-04-01 22:44:10.276366+02;15731;34030;29778387;13778610
95;2020-04-01 23:44:09.820216+02;17632;33002;28969958;16219495
96;2020-04-02 00:44:16.734555+02;16147;35981;31484494;14088885
97;2020-04-02 01:44:19.294122+02;18831;41593;36394995;17263652
98;2020-04-02 02:44:24.088017+02;24523;39666;34709383;21621131
99;2020-04-02 03:44:32.819289+02;14107;40298;35267230;12481977
100;2020-04-02 04:44:40.904526+02;18851;40811;35715935;17178086
101;2020-04-02 05:44:40.864743+02;17819;38415;33613775;15830094
102;2020-04-02 06:44:42.325552+02;26417;35291;30880133;23415613
103;2020-04-02 07:44:50.135638+02;25470;33852;29621706;22485215
104;2020-04-02 08:44:54.276532+02;23803;37951;33209388;21237244
105;2020-04-02 09:45:00.031422+02;17323;37296;32635806;15125722
106;2020-04-02 10:45:07.591382+02;12606;37268;32611345;11304955
107;2020-04-02 11:45:11.635514+02;13051;38532;33719870;12659219
108;2020-04-02 12:45:20.931336+02;13350;35140;30749550;11887951
109;2020-04-02 13:45:23.046755+02;19375;30630;26808220;16018520
110;2020-04-02 14:45:32.19658+02;14907;29503;25817013;13119963
111;2020-04-02 15:45:38.588889+02;12986;24684;21599971;11557888
112;2020-04-02 16:45:44.305064+02;14586;37284;32624768;12875198
113;2020-04-02 17:45:51.462782+02;12254;35044;30679808;11622268
114;2020-04-02 18:45:56.513148+02;17842;32695;28617054;15641661
115;2020-04-02 19:45:56.716237+02;13418;24628;24030889;12123144
116;2020-04-02 20:46:04.761462+02;12167;35464;31031690;10765666
117;2020-04-02 21:46:05.133976+02;29140;38594;33770741;1977624
118;2020-04-02 22:46:07.997759+02;24997;39383;35154822;22074768
119;2020-04-02 23:46:12.172661+02;23103;34380;30082462;20449431
120;2020-04-03 00:46:19.457458+02;14873;33930;29688972;13263893
121;2020-04-03 01:46:20.527742+02;14455;39235;34331298;12784485
122;2020-04-03 02:46:27.528333+02;16055;39029;34152276;14298827
123;2020-04-03 03:46:26.949924+02;28226;33286;29981559;3912621
124;2020-04-03 04:46:26.412301+02;12145;34487;30196225;10938152
125;2020-04-03 05:46:31.078114+02;15510;33104;28967145;14048158
126;2020-04-03 06:46:37.652367+02;9995;33652;29445844;8813744
127;2020-04-03 07:46:40.597829+02;19078;37895;33158569;17563769
128;2020-04-03 08:46:44.583579+02;24860;38112;33400703;21900646
129;2020-04-03 09:46:49.231882+02;20004;36405;31860763;17779842
130;2020-04-03 10:46:53.200889+02;12678;32936;28822507;11143326
131;2020-04-03 11:47:01.530009+02;18081;35980;31485258;15980095
132;2020-04-03 13:34:18.824897+02;10878;35538;31095883;9537788
133;2020-04-03 13:39:56.656405+02;14639;29715;26001407;12853064
134;2020-04-03 13:41:02.653382+02;;;;
135;2020-04-03 13:44:10.256378+02;3729;4704;4119832;3245629
136;2020-04-03 13:52:09.8414+02;2354;8871;7770142;1977880
137;2020-04-03 14:57:57.353049+02;4289;5427;4749085;3456261
138;2020-04-03 15:58:00.771824+02;4280;4192;3680835;3732873
139;2020-04-03 17:01:34.600849+02;6102;8054;7049681;5360956
140;2020-04-03 18:01:39.300502+02;4017;4102;3590024;3534156
141;2020-04-03 19:02:00.434786+02;6477;4385;3837379;6348778
142;2020-04-03 20:02:09.016147+02;5229;1945;1701905;4574784
143;2020-04-03 21:02:12.916512+02;7371;1214;1062101;5323111
144;2020-04-03 22:02:13.79703+02;10941;3311;2898951;9589373
145;2020-04-03 23:02:15.952499+02;9011;4438;3883272;7448134
146;2020-04-04 00:02:15.690771+02;4064;4643;4065813;4112021
147;2020-04-04 01:02:24.031452+02;9360;3704;3252445;7400565
148;2020-04-04 02:02:23.654183+02;12430;4962;4344399;10601203
149;2020-04-04 03:02:23.03804+02;11335;6886;6064216;8490903
150;2020-04-04 04:02:23.613901+02;12080;3956;3465830;10719697
151;2020-04-04 05:02:25.644995+02;10575;6497;5713749;9798458
152;2020-04-04 06:02:32.733331+02;12609;7690;6752441;10756282
153;2020-04-04 07:02:39.20034+02;11480;7391;6487958;9713178
154;2020-04-04 08:02:40.007746+02;12067;6088;5345444;10085628
155;2020-04-04 09:02:40.136065+02;12311;3646;3190049;10999348
156;2020-04-04 10:02:45.781773+02;12418;3495;3071337;10519690
157;2020-04-04 11:02:52.170989+02;5326;4771;4177227;4598031
158;2020-04-04 12:02:56.77106+02;7160;8455;7414441;6101273
159;2020-04-04 13:03:04.745257+02;6382;4646;4070627;4875772
160;2020-04-04 14:03:05.752092+02;5215;6203;5496565;4555059
161;2020-04-04 15:03:12.655704+02;5739;5290;4662052;4900498
162;2020-04-04 16:03:13.487521+02;7765;7447;6537151;4125217
163;2020-04-04 17:03:20.774818+02;5782;7432;6504911;3479162
164;2020-04-04 18:03:21.634012+02;6863;5404;4730357;3957720
165;2020-04-04 19:03:20.645869+02;6151;3385;2993344;5325748
166;2020-04-04 20:03:27.473703+02;6369;5773;5055034;5291032
167;2020-04-04 21:03:28.700602+02;6456;6219;5442787;5525901
168;2020-04-04 22:03:37.596805+02;6119;8804;7706803;3923061
169;2020-04-04 23:03:37.263806+02;;;;
170;2020-04-05 00:03:39.214708+02;4519;7962;6971612;3302505
171;2020-04-05 01:03:46.235761+02;5437;8654;7572789;4139040
172;2020-04-05 02:03:51.695453+02;4920;11614;10164148;4334291
173;2020-04-05 03:03:51.095842+02;6607;12803;11207675;5466346
174;2020-04-05 04:03:51.10088+02;5192;10878;9524732;3379319
175;2020-04-05 05:03:56.670049+02;5490;13477;11792473;4420540
176;2020-04-05 06:04:04.828235+02;5620;8488;7426645;4252699
177;2020-04-05 07:04:10.349922+02;6143;7727;6769350;3656662
178;2020-04-05 08:04:14.19057+02;5385;9169;8024800;4035402
179;2020-04-05 09:04:16.624322+02;5313;7098;6222362;4048978
180;2020-04-05 10:04:18.599417+02;;;;
181;2020-04-05 11:04:21.752005+02;4210;4464;3915109;3209580
182;2020-04-05 12:04:22.38689+02;5353;6161;5392799;3850918
183;2020-04-05 13:04:25.214421+02;5514;7078;6287190;4537647
184;2020-04-05 14:04:30.569517+02;5814;8280;7255298;5128355
185;2020-04-05 15:04:33.451079+02;4761;5692;4982193;3384603
186;2020-04-05 16:04:34.047456+02;4277;5153;4510041;3793997
187;2020-04-05 17:04:33.530659+02;3845;2137;1871118;3366671
188;2020-04-05 18:04:39.637504+02;4443;6957;6163165;3940260
189;2020-04-05 19:04:43.351899+02;4705;8833;7781420;3270753
190;2020-04-05 20:04:49.674087+02;4032;6549;5737633;3408556
191;2020-04-05 21:04:53.706357+02;4082;4506;3946287;3597871
192;2020-04-05 22:05:00.90563+02;4130;6685;5852127;3604453
193;2020-04-05 23:05:02.879242+02;;;;
194;2020-04-06 00:05:03.222696+02;3792;10849;9493524;3296018
195;2020-04-06 01:05:10.900823+02;4549;13697;11986209;4073967
196;2020-04-06 02:05:11.925765+02;4389;10925;9563483;3904780
197;2020-04-06 03:05:18.623671+02;4928;13198;11547909;3441869
198;2020-04-06 04:05:17.797756+02;4267;11827;10350229;3807598
199;2020-04-06 05:05:21.656437+02;4302;9950;8721506;3872967
200;2020-04-06 06:05:29.196721+02;3787;6918;6066368;3226420
201;2020-04-06 07:05:35.570509+02;3231;12378;10858366;2604671
202;2020-04-06 08:05:42.598158+02;2874;5102;4594327;2510851
203;2020-04-06 09:05:44.399748+02;1750;3878;3396050;1445628
204;2020-04-06 10:05:43.570137+02;2856;6894;6048242;2408192
205;2020-04-06 11:05:49.757519+02;1784;4061;3553925;1310540
206;2020-04-06 12:05:52.284946+02;4357;6807;5963821;3478637
207;2020-04-06 13:05:53.216707+02;2160;7861;6921214;1789948
208;2020-04-06 14:06:01.817304+02;3039;7766;6800568;2507392
209;2020-04-06 15:06:02.083371+02;1904;6615;5787984;1449932
210;2020-04-06 16:06:05.696065+02;3511;5389;4744427;2719616
211;2020-04-06 17:06:06.501017+02;3301;2889;2530424;2518696
212;2020-04-06 18:06:15.270935+02;2708;5466;4796182;1989923
213;2020-04-06 19:06:16.082039+02;;;;
214;2020-04-06 20:06:27.169302+02;3194;6554;5737560;2546060
215;2020-04-06 21:06:26.863609+02;2970;3393;2988708;2623828
216;2020-04-06 22:06:34.537196+02;2311;2997;2622998;1854348
217;2020-04-06 23:06:42.146481+02;3225;5382;4714590;2787318
218;2020-04-07 00:06:45.686313+02;2607;7034;6158073;2184075
219;2020-04-07 01:06:53.670835+02;2704;9144;8004481;2077390
220;2020-04-07 02:06:57.259854+02;2638;7078;6198577;2307922
221;2020-04-07 03:07:04.432989+02;2951;10329;9043318;2581065
222;2020-04-07 04:07:12.668229+02;3013;11108;9721257;2637682
223;2020-04-07 05:07:19.494644+02;3059;11177;9849727;2574127
224;2020-04-07 06:07:21.511826+02;3290;8818;7779145;2873436
225;2020-04-07 07:07:22.34706+02;3619;8738;7646417;2992659
226;2020-04-07 08:07:21.860379+02;3283;10296;9009596;2968472
227;2020-04-07 09:07:22.87111+02;2461;7752;6810132;2168907
228;2020-04-07 10:07:25.88896+02;2307;4817;4219562;1878667
229;2020-04-07 11:07:25.775903+02;2309;8848;7754014;1934197
230;2020-04-07 12:07:27.761183+02;2245;6478;5675132;1816204
231;2020-04-07 13:07:30.002097+02;;;;
232;2020-04-07 14:07:33.234973+02;1718;5846;5122255;1496244
233;2020-04-07 15:07:42.049033+02;1706;4010;3510281;1418695
234;2020-04-07 16:07:44.288821+02;1993;6724;5883350;1478318
235;2020-04-07 17:07:53.088523+02;3834;6600;5777795;3244311
236;2020-04-07 18:07:53.3907+02;2612;2901;2540053;2208168
237;2020-04-07 19:07:52.969292+02;;;;
238;2020-04-07 19:56:49.522751+02;;;;
239;2020-04-07 20:56:55.576093+02;4953;2895;2534548;4219958
240;2020-04-07 21:56:54.511385+02;5432;7082;6197003;4289231
241;2020-04-07 22:57:02.036515+02;6325;6699;6084690;4280593
242;2020-04-07 23:57:05.217723+02;5543;14195;12438645;4346236
243;2020-04-08 00:57:08.072563+02;5530;8439;7392126;4364182
244;2020-04-08 01:57:09.929912+02;5354;14816;12970140;4271178
245;2020-04-08 02:57:09.996919+02;5906;14969;13099760;4574850
246;2020-04-08 03:57:16.652834+02;6169;16991;14873825;4510377
247;2020-04-08 04:57:16.608332+02;6059;15502;13565731;4738611
248;2020-04-08 05:57:18.705383+02;4965;15759;13825465;4129759
249;2020-04-08 06:57:20.525493+02;5212;8603;7533286;4566130
250;2020-04-08 07:57:19.738314+02;;;;
251;2020-04-08 08:57:21.919779+02;2921;10009;8833859;2549352
252;2020-04-08 09:57:21.635977+02;4246;7964;6981598;3729468
253;2020-04-08 10:57:22.840067+02;4465;6251;5481903;3436996
254;2020-04-08 11:57:22.665412+02;4755;5743;5027325;3749238
255;2020-04-08 12:57:24.518534+02;4700;14186;12426000;4090485
256;2020-04-08 13:57:24.863378+02;3486;9367;8196376;3081504
257;2020-04-08 14:57:31.389472+02;4272;8110;7106726;3787915
258;2020-04-08 15:57:30.629403+02;3590;7901;6933339;3202326
259;2020-04-08 16:57:34.667684+02;3269;10030;8801719;2839285
260;2020-04-08 17:57:42.846695+02;3580;5632;4933985;3035567
261;2020-04-08 18:57:42.663408+02;;;;
262;2020-04-08 19:57:48.905278+02;4826;6083;5328494;4238086
263;2020-04-08 20:57:51.03001+02;5255;4940;4323419;4584962
264;2020-04-08 21:57:58.844137+02;4921;2639;2310062;4409525
265;2020-04-08 22:58:01.524547+02;5232;10652;9322727;3434425
266;2020-04-08 23:58:07.982321+02;5804;13305;11654419;3776972
267;2020-04-09 00:58:16.726665+02;5578;15285;13379236;4704325
268;2020-04-09 01:58:20.84354+02;5663;15622;13670827;5063900
269;2020-04-09 02:58:20.916515+02;5739;17676;15486067;4316718
270;2020-04-09 03:58:20.753035+02;6005;17494;15322259;5226937
271;2020-04-09 04:58:20.706527+02;6500;15967;13973702;4707080
272;2020-04-09 05:58:24.730243+02;5125;15896;13924778;4424907
273;2020-04-09 06:58:26.97908+02;5455;14970;13101313;4482093
274;2020-04-09 07:58:30.861362+02;4457;9038;7913177;3544147
275;2020-04-09 08:58:39.005872+02;4973;9371;8200148;4244301
276;2020-04-09 09:58:42.751898+02;3873;12553;11007545;3373486
277;2020-04-09 10:58:41.95581+02;;;;
278;2020-04-09 11:58:48.878305+02;5106;5996;5251911;3712031
279;2020-04-09 12:58:51.169843+02;4139;5740;5045629;3635282
280;2020-04-09 13:58:57.855257+02;3445;11156;9777025;2386915
281;2020-04-09 14:59:05.783108+02;2771;5860;5127605;2361830
282;2020-04-09 15:59:05.830518+02;2870;8120;7117245;2530929
283;2020-04-09 16:59:07.737738+02;3493;5477;4812132;3082731
284;2020-04-09 17:59:14.765571+02;3270;7093;6206347;2625836
285;2020-04-09 18:59:16.886241+02;3838;8201;7187995;2748891
286;2020-04-09 19:59:16.709137+02;4346;7817;6845204;3845982
287;2020-04-09 20:59:17.730186+02;3964;6479;5674773;2962279
288;2020-04-09 21:59:22.325356+02;5740;6578;5777934;4872353
289;2020-04-09 22:59:24.909685+02;6453;5171;4554664;5003849
290;2020-04-09 23:59:24.879643+02;4767;9957;8712045;3598216
291;2020-04-10 00:59:24.846233+02;4792;14508;12700686;3939968
292;2020-04-10 01:59:25.70416+02;6955;15127;13241213;4243099
293;2020-04-10 02:59:25.90314+02;5827;15259;13352388;5124411
294;2020-04-10 03:59:30.785905+02;4756;15957;13962721;4040858
295;2020-04-10 04:59:33.801497+02;4074;9532;8402641;3352855
296;2020-04-10 05:59:35.869095+02;4397;10356;9072106;3726774
297;2020-04-10 06:59:35.171233+02;5272;15601;13674584;4563583
298;2020-04-10 07:59:39.756054+02;4957;12373;10828143;4159745
299;2020-04-10 08:59:42.986692+02;5570;2568;2263652;4876929
300;2020-04-10 09:59:42.682689+02;4564;8926;7832515;4020751
301;2020-04-10 10:59:51.791521+02;3248;7691;6738084;2882351
302;2020-04-10 11:59:50.945229+02;5370;6058;5301954;3587794
303;2020-04-10 13:00:01.765909+02;5899;5424;4771255;3249335
304;2020-04-10 14:00:02.73174+02;5204;6986;6113969;4031715
305;2020-04-10 15:00:08.499909+02;5092;5957;5231766;3953468
306;2020-04-10 22:40:34.454372+02;2672;6374;5579757;2255618
307;2020-04-10 23:40:33.572751+02;4617;4919;4305444;3389541
308;2020-04-11 00:40:37.383128+02;4134;11858;10376726;3704738
309;2020-04-11 01:40:43.548992+02;;;;
310;2020-04-11 02:40:52.300743+02;4265;15320;13420515;3690405
311;2020-04-11 03:41:00.698713+02;4341;12343;10816634;3623021
312;2020-04-11 04:41:01.492684+02;;;;
313;2020-04-11 05:41:04.284898+02;4331;9753;8537939;3611371
314;2020-04-11 06:41:03.465616+02;4310;14687;12853993;3842596
315;2020-04-11 07:41:04.120913+02;3110;10728;9388048;2691374
316;2020-04-11 08:41:11.37738+02;4808;8982;7864606;4264500
317;2020-04-11 09:41:12.484745+02;3793;4484;3928969;3594155
318;2020-04-11 10:23:16.599576+02;4846;4371;3827441;4063096
319;2020-04-11 10:53:17.824465+02;;;;
320;2020-04-11 11:23:20.395121+02;4206;2613;2287576;3671240
321;2020-04-11 11:53:23.470863+02;6329;6349;5558808;3457304
322;2020-04-11 12:23:25.612293+02;4850;14173;12411404;4038045
323;2020-04-11 12:53:26.571749+02;4687;12455;10899572;3856569
324;2020-04-11 13:23:28.3592+02;5902;7483;6555717;4370323
325;2020-04-11 13:53:27.640295+02;5508;11233;9831932;3859247
326;2020-04-11 14:23:29.892851+02;4676;11177;9787076;4152950
327;2020-04-11 14:53:38.97534+02;5108;8106;7094674;4273743
328;2020-04-11 15:23:44.472615+02;6442;11449;10032251;3744032
329;2020-04-11 15:53:52.054642+02;5435;8174;7154662;3134205
330;2020-04-11 16:24:02.491355+02;;;;
331;2020-04-11 16:54:06.880837+02;4117;9751;8542348;3534620
332;2020-04-11 17:24:15.082717+02;4451;4365;3830186;3928091
333;2020-04-11 17:54:17.606128+02;4859;14051;12298647;4299647
334;2020-04-11 18:24:18.17973+02;5032;10869;9513056;3719844
335;2020-04-11 18:54:18.088197+02;4966;14182;12410221;4029050
336;2020-04-11 19:24:19.743715+02;5489;13775;12054806;4130215
337;2020-04-11 19:54:25.008548+02;5975;8686;7619846;5225322
338;2020-04-11 20:24:27.702259+02;4593;8957;7840447;3865322
339;2020-04-11 20:54:27.693988+02;4469;10801;9454607;3849901
340;2020-04-11 21:24:28.861733+02;4989;7164;6268975;3891274
341;2020-04-11 21:54:32.874128+02;4981;9794;8571694;4416172
342;2020-04-11 22:24:32.740221+02;5681;8436;7393503;4709627
343;2020-04-11 22:54:38.648365+02;5554;14511;12708199;4139592
344;2020-04-11 23:24:43.497348+02;5593;12706;11129355;4636787
345;2020-04-11 23:54:42.741982+02;5713;12343;10815862;4677747
346;2020-04-12 00:24:45.646148+02;5007;6888;6027660;4377802
347;2020-04-12 00:54:50.735496+02;5660;13060;11428886;4445432
348;2020-04-12 01:24:50.665818+02;5931;15471;13564240;5097119
349;2020-04-12 01:55:01.603176+02;5909;13684;12060497;4979122
350;2020-04-12 02:25:00.677948+02;5937;14670;12844990;4748674
351;2020-04-12 02:55:08.720585+02;3899;9362;8195392;3506992
352;2020-04-12 03:25:11.717246+02;6219;13927;12195207;4239192
353;2020-04-12 03:55:16.699827+02;5787;13308;11646108;4467759
354;2020-04-12 04:25:23.958396+02;6311;15142;13250221;5538897
355;2020-04-12 04:55:23.976804+02;6083;16148;14133170;4848629
356;2020-04-12 05:25:23.621155+02;5455;16031;14027708;4793846
357;2020-04-12 05:55:23.876081+02;4701;13084;11449076;4372654
358;2020-04-12 06:25:29.160534+02;6061;11678;10218490;3991557
359;2020-04-12 06:55:36.574651+02;4114;12262;10742289;4362736
360;2020-04-12 07:25:41.708909+02;5915;12257;10727448;3803413
361;2020-04-12 07:55:42.692118+02;4941;12125;10628741;3887680
362;2020-04-12 08:25:43.611467+02;5846;9943;8703026;4618751
363;2020-04-12 08:55:50.525474+02;6177;15874;13903206;3432034
364;2020-04-12 09:25:57.20143+02;5227;10531;9216340;3828903
365;2020-04-12 09:55:56.831438+02;5226;13002;11408824;4611923
366;2020-04-12 10:26:04.864825+02;4738;5011;4386102;4124802
367;2020-04-12 10:56:07.051911+02;4144;13333;11695632;3723422
368;2020-04-12 11:26:11.753817+02;5868;7627;6689794;4276073
369;2020-04-12 11:56:16.649242+02;4813;15925;13937326;4278692
370;2020-04-12 12:26:15.626822+02;4435;5527;4944934;3946388
371;2020-04-12 12:56:23.313041+02;5347;6103;5343768;4595125
372;2020-04-12 13:26:23.71527+02;6293;8835;7793592;4226072
373;2020-04-12 13:56:28.766617+02;4477;11060;9772558;4063801
374;2020-04-12 14:26:27.750767+02;5772;13007;11383711;4043578
375;2020-04-12 14:56:31.749853+02;6356;7131;6250120;5468484
376;2020-04-12 15:26:32.691339+02;6389;8988;7932004;5068236
377;2020-04-12 15:56:33.748982+02;5541;6184;5532881;3835193
378;2020-04-12 16:26:35.581586+02;5502;9178;8039247;4103008
379;2020-04-12 16:56:37.847871+02;;;;
380;2020-04-12 17:26:39.78703+02;4497;10350;9067912;3828251
381;2020-04-12 17:56:43.46041+02;3316;8629;7567164;2975366
382;2020-04-12 18:26:42.442493+02;4568;7003;6128885;4068780
383;2020-04-12 18:56:51.277054+02;4311;9259;8108778;3911151
384;2020-04-12 19:26:53.674505+02;;;;
385;2020-04-12 19:44:08.256004+02;4656;6369;5576679;4037507
386;2020-04-12 20:14:13.94213+02;4321;7189;6297978;3473693
387;2020-04-12 20:44:16.679653+02;4220;6806;5954987;3678105
388;2020-04-12 21:14:16.707115+02;;;;
389;2020-04-12 21:44:22.813093+02;4329;5746;5029483;3805760
390;2020-04-12 22:14:22.66265+02;3793;9990;8741849;3413118
391;2020-04-12 22:44:21.984439+02;4360;7834;6856955;3679307
392;2020-04-12 23:14:26.767242+02;4258;5743;5025761;3541526
393;2020-04-12 23:44:35.323235+02;;;;
394;2020-04-13 00:14:37.80896+02;4714;8920;7806641;4044337
395;2020-04-13 00:44:42.650729+02;;;;
396;2020-04-13 01:14:42.728556+02;4861;11815;10343465;4254423
397;2020-04-13 01:44:41.732863+02;4683;7848;6866725;3886949
398;2020-04-13 02:14:42.668853+02;4638;8943;7837140;4018174
399;2020-04-13 02:44:48.427656+02;;;;
400;2020-04-13 03:14:49.748396+02;5655;15431;13504710;4220889
401;2020-04-13 03:44:50.68042+02;;;;
402;2020-04-13 04:14:50.769033+02;5378;16552;14493599;4166060
403;2020-04-13 04:44:57.802047+02;5031;11310;9896217;4104696
404;2020-04-13 05:15:06.297185+02;5241;10087;8827157;3785468
405;2020-04-13 05:45:07.943792+02;5032;15549;13636518;4115475
406;2020-04-13 06:15:08.985065+02;5455;13619;11918014;4797702
407;2020-04-13 06:45:10.074102+02;5378;12520;10957637;4437873
408;2020-04-13 07:15:10.67345+02;5010;7048;6169601;4445553
409;2020-04-13 07:45:10.639865+02;5033;10248;8983082;4489748
410;2020-04-13 08:15:17.312862+02;4566;6191;5492806;3984428
411;2020-04-13 08:45:19.874805+02;4350;4916;4306076;3878669
412;2020-04-13 09:15:28.660392+02;4937;3672;3214333;4185240
413;2020-04-13 09:45:31.763354+02;5486;3744;3277857;3325305
414;2020-04-13 10:15:31.502292+02;4000;8131;7126221;3495872
415;2020-04-13 10:45:31.670659+02;4777;7354;6440219;3293892
416;2020-04-13 11:15:34.414395+02;4745;11377;9959779;4238490
417;2020-04-13 11:45:35.482743+02;5411;8253;7232340;4833977
418;2020-04-13 12:15:39.843474+02;5072;7545;6634195;4525151
419;2020-04-13 12:45:41.906916+02;6244;8135;7143416;3154470
420;2020-04-13 13:15:44.700895+02;4642;6458;5658571;4087993
421;2020-04-13 13:45:43.794603+02;5652;6024;5275836;3838212
422;2020-04-13 14:15:50.633366+02;5640;4050;3546940;4336309
423;2020-04-13 14:45:57.374014+02;6046;9695;8484695;4337647
424;2020-04-13 15:16:06.148575+02;5512;10044;8797781;4824397
425;2020-04-13 15:46:05.290746+02;6143;5253;4598215;5174450
426;2020-04-13 16:16:06.745965+02;;;;
427;2020-04-13 16:46:08.717645+02;3805;4423;3872838;2641804
428;2020-04-13 17:16:08.488188+02;4715;4856;4250356;4013902
429;2020-04-13 17:46:11.833841+02;5709;1551;1361166;3831621
430;2020-04-13 18:16:12.795325+02;3923;3330;2916791;3475238
431;2020-04-13 18:46:13.644062+02;3782;7799;6842598;3314115
432;2020-04-13 19:16:17.734004+02;5102;8303;7297259;4134711
433;2020-04-13 19:46:17.754236+02;;;;
434;2020-04-13 20:16:17.881194+02;3154;2627;2300066;2820193
435;2020-04-13 20:46:23.97152+02;1984;1569;1374273;1511326
436;2020-04-13 21:16:34.344646+02;3662;3504;3066887;2913956
437;2020-04-13 21:46:33.585827+02;3998;4871;4264372;3195730
438;2020-04-13 22:16:43.273154+02;5725;4303;3772000;4480558
439;2020-04-13 22:46:50.378035+02;5499;1575;1388602;4514579
440;2020-04-13 23:16:49.924711+02;3180;6768;5923907;2770414
441;2020-04-13 23:46:52.272697+02;;;;
442;2020-04-14 00:16:57.837759+02;4836;6606;5780978;4195113
443;2020-04-14 00:46:58.176991+02;5393;6262;5480630;3623020
444;2020-04-14 01:17:06.628139+02;4833;5303;4656911;3999165
445;2020-04-14 01:47:12.893288+02;4378;7050;6170477;3823150
446;2020-04-14 02:17:18.638828+02;3681;7198;6300328;3302653
447;2020-04-14 02:47:19.831539+02;5396;5099;4471473;4386993
448;2020-04-14 03:17:20.043663+02;5261;7072;6213799;4685981
449;2020-04-14 03:47:23.712665+02;4313;6160;5392449;3350406
450;2020-04-14 04:17:32.166529+02;5161;6987;6115203;3997774
451;2020-04-14 04:47:32.70919+02;3913;7132;6241451;3467469
452;2020-04-14 05:17:34.869451+02;3784;7030;6153970;3077482
453;2020-04-14 05:47:40.928254+02;3939;6654;5834980;3491524
454;2020-04-14 06:17:47.211374+02;4025;7600;6680640;3537390
455;2020-04-14 06:47:52.703229+02;4452;9877;8650491;3507228
456;2020-04-14 07:17:53.820829+02;4601;7292;6388169;3504017
457;2020-04-14 07:47:52.997792+02;4421;6142;5381619;3791282
458;2020-04-14 08:18:01.979867+02;;;;
459;2020-04-14 08:48:02.741976+02;4625;4607;4037104;2994652
460;2020-04-14 09:18:09.131723+02;2910;8198;7175987;2288676
461;2020-04-14 09:48:11.653473+02;;;;
462;2020-04-14 10:18:17.852518+02;2388;6727;5892902;1759153
463;2020-04-14 10:48:21.715638+02;3502;6025;5281853;2858249
464;2020-04-14 11:18:27.011455+02;3404;6338;5547159;2543847
465;2020-04-14 11:48:28.251602+02;4314;5320;4656460;3784683
466;2020-04-14 12:18:28.770595+02;2748;4166;3664386;2382767
467;2020-04-14 12:48:35.110808+02;4681;10469;9179710;4146169
468;2020-04-14 13:18:36.871459+02;4724;5627;4928131;3803559
469;2020-04-14 13:48:35.841078+02;3744;6439;5642786;2785688
470;2020-04-14 14:18:41.784655+02;;;;
471;2020-04-14 14:48:41.707768+02;3426;5008;4382269;2889824
472;2020-04-14 15:18:49.335535+02;3172;5465;4811798;2762923
473;2020-04-14 15:48:54.859748+02;1955;3372;2952064;1644449
474;2020-04-14 16:18:54.859352+02;2990;4200;3675646;2454864
475;2020-04-14 16:49:02.991328+02;4462;6097;5338102;3824565
476;2020-04-14 17:19:03.015708+02;3101;4738;4149650;2643477
477;2020-04-14 17:49:10.826943+02;;;;
478;2020-04-14 18:19:18.064996+02;4131;6562;5742550;3629410
479;2020-04-14 18:49:23.585006+02;;;;
480;2020-04-14 19:19:31.990029+02;2567;4943;4328649;2123753
481;2020-04-14 19:49:39.845521+02;2155;3468;3036748;1652749
482;2020-04-14 20:19:39.347023+02;2488;5351;4701774;2004086
483;2020-04-14 20:49:43.416956+02;2070;3588;3142336;1723483
484;2020-04-14 21:19:48.015972+02;2358;4296;3760287;1994837
485;2020-04-14 21:49:52.5042+02;2137;2334;2043413;1876644
486;2020-04-14 22:19:54.71638+02;2605;2677;2345283;2162632
487;2020-04-14 22:50:03.319572+02;2485;5155;4512069;2006728
488;2020-04-14 23:20:04.073239+02;2992;3280;2886170;2666599
489;2020-04-14 23:50:03.190513+02;3362;7209;6323351;2942095
490;2020-04-15 00:20:05.782751+02;;;;
491;2020-04-15 00:50:12.982556+02;2047;5691;5001545;1718634
492;2020-04-15 01:20:13.170909+02;3321;5661;4954467;2391415
493;2020-04-15 01:50:12.535464+02;3364;5147;4505086;2644838
494;2020-04-15 02:20:17.160741+02;3762;5442;4764856;3289716
495;2020-04-15 02:50:25.908722+02;4209;4722;4132038;3392549
496;2020-04-15 03:20:28.723925+02;3155;12835;11232028;3763306
497;2020-04-15 03:50:31.363282+02;5215;14402;12614976;4666070
498;2020-04-15 04:20:37.840342+02;5655;13139;11501478;4930770
499;2020-04-15 04:50:40.646686+02;5838;14275;12496814;3192369
500;2020-04-15 05:20:44.482723+02;5934;13120;11480035;4404560
501;2020-04-15 05:50:48.958013+02;5922;9414;8237903;4343430
502;2020-04-15 06:20:52.544626+02;;;;
503;2020-04-15 06:50:55.987533+02;4102;4406;3857997;3622376
504;2020-04-15 07:21:01.978739+02;3462;5592;4894573;2648002
505;2020-04-15 07:51:01.76667+02;4423;3353;2933698;3939346
506;2020-04-15 08:21:01.701958+02;3169;3866;3391582;2794693
507;2020-04-15 08:51:01.804601+02;2775;5522;4833184;2451294
508;2020-04-15 09:21:11.220669+02;2660;4931;4322490;1710635
509;2020-04-15 09:51:09.602149+02;2015;3802;3327723;1675615
510;2020-04-15 10:21:15.411258+02;2470;4077;3580671;1808598
511;2020-04-15 10:51:15.466269+02;;;;
512;2020-04-15 11:51:23.073163+02;;;;
513;2020-04-15 12:21:24.348323+02;1599;4226;3705828;1106132
514;2020-04-15 12:51:27.409737+02;2120;6045;5297053;1663499
515;2020-04-15 13:21:30.391568+02;;;;
516;2020-04-15 13:51:35.778749+02;2726;8392;7349658;2251207
517;2020-04-15 14:21:41.419868+02;2824;6159;5406621;2196985
518;2020-04-15 14:51:41.592754+02;2606;4744;4153195;1837505
519;2020-04-15 15:21:46.559634+02;2676;4361;3817274;2344616
520;2020-04-15 15:51:46.389674+02;2189;4454;3988300;1877495
521;2020-04-15 16:21:49.081162+02;2172;3597;3150877;1796713
522;2020-04-15 16:51:49.624506+02;2755;2883;2522402;2096308
523;2020-04-15 17:22:02.417201+02;1569;3588;3150406;1267492
524;2020-04-15 17:52:10.108939+02;2426;5550;4856722;2094839
525;2020-04-15 18:22:14.767873+02;3800;4607;4034326;2674165
526;2020-04-15 18:52:22.97728+02;1658;5051;4441603;1405980
527;2020-04-15 19:22:28.988111+02;2477;4733;4143871;2198265